{"address": "2200 Biscayne Blvd, Miami, FL 33137, USA", "url": "https://www.colliers.com/en/properties/for-sale-high-density-development-site-in-edgewater/usa-2200-biscayne-blvd-miami-fl-33137-usa/usa1139498"},
{"address": "201 SW 8th St & 720 SW 2nd Ave, Miami, FL 33130, USA", "url": "https://www.colliers.com/en/properties/for-sale-22-acre-high-density-development-site-in-the-gateway-of-brickell/usa-201-sw-8th-st-720-sw-2nd-ave-miami-fl-33130-usa/usa1131774"},
{"address": "1315 NE Miami Ct, Miami, FL 33132, USA", "url": "https://www.colliers.com/en/properties/for-sale-signature-park-arts-site-%E2%80%93-prime-high-density-development-opportunity-in-downtown-miami/usa-1315-ne-miami-ct-miami-fl-33132-usa/usa1137551"},
{"address": "251 E Flagler St, Miami, FL 33131, USA", "url": "https://www.colliers.com/en/properties/flagler-central/usa-251-e-flagler-st-miami-fl-33131-usa/usa1128999"},
{"address": "660 85th St, & 709 83rd St., Miami Beach, FL 33141, USA", "url": "https://www.colliers.com/en/properties/for-sale-19-unit-multifamily-portfolio/usa-660-85th-st-709-83rd-st-miami-beach-fl-33141-usa/usa1116431"},
{"address": "1501 NW 37th St, Miami, FL 33142, USA", "url": "https://www.colliers.com/en/properties/for-sale-15-acre-development-site-in-allapattah/usa-1501-nw-37th-st-miami-fl-33142-usa/usa1128477"},
{"address": "530 NE 167th St, Miami, FL 33162, USA", "url": "https://www.colliers.com/en/properties/perfect-1031-opportunity-1-location-in-fl-absolute-nnn-long-lease-term/usa-530-ne-167th-st-miami-fl-33162-usa/usa1136354"},
{"address": "1343 NW 1st St, Miami, FL 33125, USA", "url": "https://www.colliers.com/en/properties/for-sale-22-key-boutique-hotel-in-the-heart-of-little-havana/usa-1343-nw-1st-st-miami-fl-33125-usa/usa1132489"},
{"address": "50 NE 179th St, Miami, FL 33162, USA", "url": "https://www.colliers.com/en/properties/for-sale-industrial-building-in-miami-gardens/usa-50-ne-179th-st-miami-fl-33162-usa/usa1118105"},
{"address": "566 NW 1st St, Miami, FL 33128, USA", "url": "https://www.colliers.com/en/properties/for-sale-13-unit-shovel-ready-development-opportunity/usa-566-nw-1st-st-miami-fl-33128-usa/usa1138018"},
{"address": "2567 E 11th Ave, Hialeah, FL 33013, USA", "url": "https://www.colliers.com/en/properties/for-sale-transit-pointe-a-prime-transit-oriented-development-opportunity-in-hialeah/usa-2567-e-11th-ave-hialeah-fl-33013-usa/usa1137561"},
{"address": "1390 NW 14th Ave, Miami, FL 33125, USA", "url": "https://www.colliers.com/en/properties/for-sale-five-story-office-building-in-the-health-district/usa-1390-nw-14th-ave-miami-fl-33125-usa/usa1115923"},
{"address": "555 SW 148th Ave, Davie, FL 33325, USA", "url": "https://www.colliers.com/en/properties/south-florida-healthcare-campus/usa-555-sw-148th-ave-davie-fl-33325-usa/usa1129628"},
{"address": "27501 S Dixie Hwy, Homestead, FL 33032, USA", "url": "https://www.colliers.com/en/properties/for-sale-226-acres-of-land-including-%C2%B124000-sf-of-lake-area/usa-27501-s-dixie-hwy-homestead-fl-33032-usa/usa1128356"},
{"address": "711 NW 32nd Pl, Miami, FL 33125, USA", "url": "https://www.colliers.com/en/properties/for-sale-2249-sf-multifamily-building-on-a-7300-sf-lot/usa-711-nw-32nd-pl-miami-fl-33125-usa/usa1141099"},
{"address": "1690 NW 19th Terrace, Miami, FL 33125, USA", "url": "https://www.colliers.com/en/properties/for-sale-05-acre-development-site-in-allapattah/usa-1690-nw-19th-terrace-miami-fl-33125-usa/usa1140988"},
{"address": "11417 SW 214th St, Miami, FL 33189, USA", "url": "https://www.colliers.com/en/properties/for-sale-7000-sf-shovel-ready-development-site-in-goulds/usa-11417-sw-214th-st-miami-fl-33189-usa/usa1123301"},
{"address": "1010 & 1014 NE 78th Rd, Miami, FL 33138, USA", "url": "https://www.colliers.com/en/properties/for-sale-031-acre-site-with-plans-for-20-units-in-the-upper-east-side-of-miami/usa-1010-1014-ne-78th-rd-miami-fl-33138-usa/usa1126605"},
{"address": "7000 NW 8th Ave, Miami, FL 33150, USA", "url": "https://www.colliers.com/en/properties/for-sale-multifamily-property-in-liberty-city-8-units/usa-7000-nw-8th-ave-miami-fl-33150-usa/usa1140093"},
{"address": "1306 NW 61st St, Miami, FL 33142, USA", "url": "https://www.colliers.com/en/properties/for-sale-multifamily-property-in-liberty-city-10-unitsfor-sale-multifamily-property-in-liberty-city-10-units/usa-1306-nw-61st-st-miami-fl-33142-usa/usa1140091"},
{"address": "1306 NW 61st St, Miami, FL 33142, USA", "url": "https://www.colliers.com/en/properties/for-sale-multifamily-property-in-liberty-city-10-unitsfor-sale-multifamily-property-in-liberty-city-10-units/usa-1306-nw-61st-st-miami-fl-33142-usa/usa1140091"},
{"address": "1600 NW 165th St, North Miami Beach, FL 33169, USA", "url": "https://www.colliers.com/en/properties/industrial-warehouse-less-than-1-mile-from-i-95-and-palmetto-expressway/usa-1600-nw-165th-st-north-miami-beach-fl-33169-usa/usa1139992"},
{"address": "2180 Brickell Ave, Miami, FL 33129, USA", "url": "https://www.colliers.com/en/properties/for-sale-prime-development-opportunity-in-south-brickell/usa-2180-brickell-ave-miami-fl-33129-usa/usa1125016"},
{"address": "Sawgrass Expy, Sunrise, FL, USA", "url": "https://www.colliers.com/en/properties/ground-lease-or-joint-venture-opportunity-sunrise-development-site/usa-sawgrass-expy-sunrise-fl-usa/usa1131780"},
{"address": "2743 Pierce St, Hollywood, FL 33020, USA", "url": "https://www.colliers.com/en/properties/for-sale-047-acre-lot-zoned-for-nine-residential-townhomes-in-hollywood/usa-2743-pierce-st-hollywood-fl-33020-usa/usa1139505"},
{"address": "3644 NW 21st Ct, Miami, FL 33142, USA", "url": "https://www.colliers.com/en/properties/for-sale-5-unit-multifamily-opportunity-in-allapattah/usa-3644-nw-21st-ct-miami-fl-33142-usa/usa1139504"},
{"address": "3032-3036 NW 7th Ave, Miami, FL 33127, USA", "url": "https://www.colliers.com/en/properties/for-sale-mixed-use-retail-investment-in-wynwood/usa-3032-3036-nw-7th-ave-miami-fl-33127-usa/usa1138940"},
{"address": "12399 Sheridan St, Hollywood, FL 33026, USA", "url": "https://www.colliers.com/en/properties/freestanding-bank-building-for-lease/usa-12399-sheridan-st-hollywood-fl-33026-usa/usa1127093"},
{"address": "3641 NW 22nd Ave, Miami, FL 33142, USA", "url": "https://www.colliers.com/en/properties/for-sale-5841-sf-development-site-in-allapattah/usa-3641-nw-22nd-ave-miami-fl-33142-usa/usa1138415"},
{"address": "9001 NW 22nd Ave, Miami, FL 33147, USA", "url": "https://www.colliers.com/en/properties/for-sale-boutique-development-opportunity-in-little-havana/usa-9001-nw-22nd-ave-miami-fl-33147-usa/usa1137842"},
{"address": "340 NW S River Drive Miami, FL 33128", "url": "https://www.colliers.com/en/properties/for-sale-5232-sf-development-site-in-miamis-river-district/usa-340-nw-s-river-drive-miami-fl-33128/usa1108636"},
{"address": "950 Plantation Island Dr S, St. Augustine, FL 32080, USA", "url": "https://www.colliers.com/en/properties/169%C2%B1-ac-vacant-commercial-land/usa-950-plantation-island-dr-s-st-augustine-fl-32080-usa/usa1122111"},
{"address": "5355 SW 76th Ave, Davie, FL 33328, USA", "url": "https://www.colliers.com/en/properties/commercial-land-for-sale-239-acres-in-davie/usa-5355-sw-76th-ave-davie-fl-33328-usa/usa1119896"},
{"address": "3237 NW 7th St, Miami, FL 33125, USA", "url": "https://www.colliers.com/en/properties/for-sale-multifamily-development-opportunity-in-little-havana/usa-3237-nw-7th-st-miami-fl-33125-usa/usa1137836"},
{"address": "7900 NW 21st St, Miami, FL 33126, USA", "url": "https://www.colliers.com/en/properties/for-sale-mixed-use-development-opportunity-in-miami-fl/usa-7900-nw-21st-st-miami-fl-33126-usa/usa1137844"},
{"address": "244 NE 1st St, Miami, FL 33132, USA", "url": "https://www.colliers.com/en/properties/244-ne-1st-street-second-central/usa-244-ne-1st-st-miami-fl-33132-usa/usa1137349"},
{"address": "12550 Biscayne Blvd Suite 304B, North Miami, FL 33181, USA", "url": "https://www.colliers.com/en/properties/for-lease-or-sale-professional-office-condo/usa-12550-biscayne-blvd-suite-304b-north-miami-fl-33181-usa/usa1109873"},
{"address": "755 Shotgun Rd, Sunrise, FL 33326, USA", "url": "https://www.colliers.com/en/properties/rarely-available-space-in-broward-lakes-business-park/usa-755-shotgun-rd-sunrise-fl-33326-usa/usa1136435"},
{"address": "522 E 25th St, Hialeah, FL 33013, USA", "url": "https://www.colliers.com/en/properties/522-e-25th-street/usa-522-e-25th-st-hialeah-fl-33013-usa/usa1136929"},
{"address": "1001 NW 163rd Dr, & 16560 NW 10th Ave, Miami, FL 33169, USA", "url": "https://www.colliers.com/en/properties/for-sale-net-lease-industrial-portfolio-in-miami-gardens/usa-1001-nw-163rd-dr-16560-nw-10th-ave-miami-fl-33169-usa/usa1136094"},
{"address": "650 Beacom Blvd, Miami, FL 33135, USA", "url": "https://www.colliers.com/en/properties/for-sale-7973-sf-development-site-in-little-havana/usa-650-beacom-blvd-miami-fl-33135-usa/usa1134694"},
{"address": "1651 NW 3rd St, Miami, FL 33125, USA", "url": "https://www.colliers.com/en/properties/for-sale-6670-sf-development-site-in-little-havana/usa-1651-nw-3rd-st-miami-fl-33125-usa/usa1134697"},
{"address": "2500 SW 8th St, Miami, FL 33135, USA", "url": "https://www.colliers.com/en/properties/for-sale-5080-sf-development-site-in-little-havana/usa-2500-sw-8th-st-miami-fl-33135-usa/usa1134699"},
{"address": "2534 SW 6th St, Miami, FL 33135, USA", "url": "https://www.colliers.com/en/properties/for-sale-6750-sf-development-site-in-little-havana/usa-2534-sw-6th-st-miami-fl-33135-usa/usa1134700"},
{"address": "903 SW 13th Ct, Miami, FL 33135, USA", "url": "https://www.colliers.com/en/properties/for-sale-7800-sf-development-site-in-little-havana/usa-903-sw-13th-ct-miami-fl-33135-usa/usa1134695"},
{"address": "218 SW 7th Ave, Miami, FL 33130, USA", "url": "https://www.colliers.com/en/properties/for-sale-20000-sf-development-site-in-little-havana/usa-218-sw-7th-ave-miami-fl-33130-usa/usa1134690"},
{"address": "Red Road and Miramar Parkway Miramar, FL 33025", "url": "https://www.colliers.com/en/properties/development-sites-for-sale-or-lease/usa-red-road-and-miramar-parkway-miramar-fl-33025/usa1075491"},
{"address": "295 NW 157th St, Miami, FL 33169, USA", "url": "https://www.colliers.com/en/properties/for-sale-092-acre-development-site-in-biscayne-gardens/usa-295-nw-157th-st-miami-fl-33169-usa/usa1133998"},
{"address": "3241 NW 7th St, Miami, FL 33125, USA", "url": "https://www.colliers.com/en/properties/for-sale-multi-tenant-retail-center-in-little-havana/usa-3241-nw-7th-st-miami-fl-33125-usa/usa1133464"},
{"address": "308 NW 159th St, Miami, FL 33169, USA", "url": "https://www.colliers.com/en/properties/for-sale-38902-sf-development-site-in-miami-gardens/usa-308-nw-159th-st-miami-fl-33169-usa/usa1133205"},
{"address": "3131 W Hallandale Beach Blvd, Hallandale Beach, FL 33009, USA", "url": "https://www.colliers.com/en/properties/freestanding-bank-branch-for-sale-in-hallandale/usa-3131-w-hallandale-beach-blvd-hallandale-beach-fl-33009-usa/usa1131650"},
{"address": "11 Weston Rd, Sunrise, FL 33326, USA", "url": "https://www.colliers.com/en/properties/freestanding-bank-building-for-sale-sunrise-florida/usa-11-weston-rd-sunrise-fl-33326-usa/usa1128343"},
{"address": "11 Weston Rd, Sunrise, FL 33326, USA", "url": "https://www.colliers.com/en/properties/freestanding-bank-building-for-sale-sunrise-florida/usa-11-weston-rd-sunrise-fl-33326-usa/usa1127641"}
